Index,Artists
0,"(mafuyu \(chibi21\)),((rurudo,gusha s,hiro \(dismaless\),wlop,yoneyama mai,mikami mika)),[[murata range]],"
1,"naga u,[tyakomes],henreader,baku-p"
2,"(fagun yibei),berryverrine,saaal653,mihifu,reddizen,tabi \(tabisumika\),naga u,no lineart,"
3,"unfinished,naga u,nekotoufu,ilya kuvshinov,"
4,"morino hon,nuu \(nu-nyu\),(harada takehito),"
5,"((((chibi)))),1 girl,(amaichi esora),zhibuji loom,[WANKE],[ciloranko],[amashiro.natsuki],(rubi-sama))((asanagi)),[[toraishi 666]] [[mvv]] (zuizi),(taitai,chen bin),[sho \(sho lwlw\),chibi,"
6,"luicent,[ningen mame],sumiyao \(amam\),astg,"
7,"[[torino]],(as109),[[asanagi]],(torino auqa),saku usako \(rabbit\),[mochizuki kei],(asanagi),"
8,"kanzakietc,(aono \(f i s\)),sasa onigiri,(na tarapisu153),year 2025,"
9,"gochisousama \(tanin050\),[[[[[tsukareta san]]]]],[[[[[[[[[[cutesexyrobutts]]]]]]]]]],"
10,"(((takemori shintarou,harada takehito,cool-kyou shinja))),kojima takeshi,(taketora suzume),[[takeuchi takashi,lambda \(kusowarota\)]],[[[cle masahiro]]],year 2025,"
11,"[[piyodera mucha]],yamamomo \(plank\),henreader,eufoniuz,year 2025,"
12,"(eufoniuz),(ogipote),(sy4),[[[sumiyao \(amam\)]]],"
13,"(henreader),yapo \(croquis side\),satou kuuki,[[asanagi]],[[[[sugoihi]]],[shiokonbu],year 2025,"
14,"blue-senpai,[[[[[tsukareta san]]]]],[[[[[[[[[aikome \(haikome\)]]]]]]]]],"
15,"[kurumi \(recycllamo\)],mika pikazo,kazutake hazano,[kedama milk],[ask \(askzy\)],wanke,fujiyama,"
16,"(yd,satou kuuki),kedama milk,[[[sho \(sho lwlw\)],ke-ta]],year 2025,"
17,"[kedama milk],ciloranko,ke-ta,Hiten,[ask\(askzy],[nekoda],[As109]"
18,"[kedama milk],momoco,ke-ta,chen bin,mignon,nekoda,[As109],Happoubi jin,year 2025,"
19,"[kedama milk],modare,(chen bin),happobi jin,year 2025,"
20,"((healthyman,modare,atte7kusa,zurikishi)),year 2025,"
21,"[modare],ciloranko,[ryota \(ry o ta\)]],kedama milk,[[nekoda \(maoda\)]],wlop,year 2025,"
22,"modare,ask \(askzy\),(Morikura En),(hiten),Rella,banishment,"
23,"kylin,luicent,duoyuanjun,liduke,wagashi \(dagashiya\),healthyman,shimada fumikane,astg,himura kiseki,ame \(uten cancel\),mikozin,ask \(askzy\),yonchan,modare,"
24,"(Endou Okito),[as109],[ciloranko],[oyariashito],[[cutesexyrobutts]],"
25,"((pottsness)),[[onineko]][[as109]],"
26,"[[tachikawa mushimaro]],kyokko,[[[as109]]],[[[Asanagi]]],kedama milk,[[[[ke-ta]]]]"
27,"[kedama milk],momoco,ke-ta,40hara,[As109],Torino,ask\(askzy\),ciloranko,[sho \(sho lwlw\)],wlop,[Rella],[omone hokoma agm],year 2025,"
28,"40hara,pottsness,[[onineko]],[[as109]],[[[kedama milk]]],"
29,"(amazuyu tatsuki,shiro9jira),mignon,[[as109]],ciloranko,ask \(askzy\),novelace,"
30,"((shigure ui,tira 27)),"
31,"(fuzichoco),[[ningen mame]],ciloranko,yd,noyu \(noyu23386566\)"
32,"[ATDAN],[void 0],[[[[[ogata tei]]]]],year 2025,"
33,"((ATDAN)),[[hong bai],bigxixi,[allenes]],ask \(askzy\),[chen bin],year 2025,"
34,"ATDAN,[ningen mame],ask \(askzy\),[hiten \(hitenkei\)],[[sy4]],[[alpha \(alpha91\)]],[[houraku]],[[[fuzichoco]]],[[sencha \(senchat\)]],[[[rei \(sanbonzakura\)]]],[[chen bin]],[wlop],[houkisei],year 2025,"
35,"((ikeuchi tanuma)),(((((mignon,ATDAN))))),(((((anmi))))),((ogipote)),((sy4)),(hiten \(hitenkei\)),yuno385,[[[[momoko \(momopoco\)]]]],[[[ke-ta]]],"
36,"Rella,ATDAN,omone hokoma agm,"
37,"ATDAN,[fuzichoco],mocha \(cotton\),[wlop],[hiten \(hitenkei\)],[ask \(askzy\)],arsenixc,year 2025,"
38,"[airtist:atdan],[yoneyama mai],"
39,"((toddler)),henreader,ciloranko,[sho \(sho lwlw\)],[[tianliang duohe fangdongye]],"
40,"[kedama milk],mika pikazo,(reoen,tianliang duohe fangdongye),[ask \(aakzy\)],[As109],year 2025,"
41,"yushe quetzalli,ciloranko,"
42,"(((yoneyama mai))),(ciloranko),zhibuji loom,[[[fuzichoco]]],((rella,konya karasue)),(hagimorijia),wlop,"
43,"(toosaka asagi),asou \(asabu202\),fuzichoco,ogipote,[[piyodera mucha]],yamamomo \(plank\),year 2025,"
44,"say hana,[[lam \(ramdayo\)]],[mochizuki kei],[[cierra \(ra-bit\)]],"
45,"say hana,(sarasadou dan),[[lam \(ramdayo\)]],[mochizuki kei],[[cierra \(ra-bit\)]],"
46,"(shiina kuro),(ningen mame),"
47,"((xilmo)), void 0,ciloranko,rei \(sanbonzakura\),[[[fkey,shion \(mirudakemann\)]]],year 2025,"
48,"(john kafka),(yueko \(jiayue wu\)),"
49,"dungeon meshi,rurudo,miyuki \(miyuki0529\),konbu wakame,xilmo,wlop,year 2025,"
50,"[kurumi \(recycllamo\)],[mika pikazo],[ciloranko],kazutake hazano,[kedama milk],[hagi \(ame hagi\)],[ask \(askzy\)],wanke,fujiyama"
51,"((hitomaru)),[menyoujan,chen bin],[[tsubasa tsubasa]],[[[kedama milk,redrop]]],[[[[[aki99]]]]]"
52,"(alphonse \(white datura\)),miv4t,[[tianliang duohe fangdongye]],year 2025,"
53,"alp,(dino \(dinoartforame\),ciloranko),[[[[kuroduki \(pieat\)]]]],[[ask \(askzy\)]],maeda hiroyuki,year 2025,"
54,"binggong asylum,murata yuusuke,onineko,[As109],[[QYS3]],year 2025,"
55,"((binggong asylum)),meion,liduke,chen bin,dishwasher1910,"
56,"[[[[binggong asylum]]]],[[onineko]],"
57,"((yutoka mizu)),[[suimya]],[[[noco]]],[[[[[[miwano rag]]]]]],"
58,"rhasta,onineko,potg\(piotegu\),yuuhagi \(amaretto-no-natsu\),bow \(bhp\),doujinshi doujin,"
59,"tokkyu,chen bin,ask\(askzy\),tidsean,kasumi \(skchkko\),hiten \(hitenkei\),mika pikazo,"
60,"ogipote,nikorashi-ka,katahira masashi,murakami suigun,touzai\(poppin phl95\),"
61,"(rolua),[waka\(wk4444\)],[ciloranko],[kedama milk],wanke,mikaze oto,"
62,"[tachikawa mushimaro],[[hisakata souji]],[[[[ke-ta]]]],year 2025,"
63,"achiki,au \(d elete\),[hito komoru,tianliang duohe fangdongye],(toosaka asagi),year 2025,"
64,"miv4t,[[[quasarcake]]],fajyobore ,[[[[[skyrick9413]]]]],[[ask \(askzy\)]],"
65,"(mochizuki kei),wlop,mikozin,enkyo yuuichirou,tianliang duohe fangdongye,"
66,"(zunta),ohisashiburi,[[ishikei]],"
67,"(asakuraf),komota \(kanyou shoujo\) ,konya karasue,(ciloranko,alphonse \(white datura\)),shion \(mirudakemann\),year 2025,"
68,"tabi \(tabisumika\),yuumei,rella,konya karasue,year 2025,"
69,"(toosaka asagi),achiki,(rin yuu),"
70,"((mashiro shiki)),[[gusha s,wanke,yoneyama mai,silvertsuki,hiro \(dismaless\)]],"
71,"((kawakami masaki,koh rd)),"
72,"((k-suwabe,OKAZU)),[[hiten]],WANKE,[ciloranko],"
73,"shion \(mirudakemann\),[hews,sho \(sho lwlw\),ciloranko,alphonse \(white datura\)],"
74,"(iuui,ajishio,marushin),year 2025,"
75,"((nardack,(liduke))),ask \(askzy\),"
76,"chyoel,solar,[kuzuvine],[[dino \(dinoartforame\)]],[[[ciloranko]]],year 2025,"
77,"tsukareta san,norza,[[takatsuki ichi]],"
78,"((mignon),(fuzichoco),yd \(orange maru\),noyu \(noyu23386566\)),[[ningen mame]],ciloranko,"
79,"bbolalus,miyuki \(miyuki0529\),[[[kedama milk]]],rin31153336,"
80,"[eip pepai,[nekojira,[[rucaco,wlop,ciloranko,[[toosaka asagi]]]]]],year 2025,"
81,"((miyase mahiro)),[ke-ta],jyt,himitsu \(hi mi tsu 2\),hiten,"
82,"(((yumenouchi chiharu))),mochizuki kei,[[[[[[rei \(sanbonzakura\)]]]]],"
83,"7010,[reoen],[yoru nai],((do m kaeru)),[[hizuki yayoi]],[[azuuru]],(maccha \(mochancc\)),(nikaidou kou),year 2025,"
84,"((kannko bokujou)),[suminagashi],(cierra \(ra-bit\)),xinzoruo,[[mokufuu]],koruri,(saru),[zuizi],year 2025,"
85,"((djheycha)),(piromizu),[romi \(346 ura\)],((yuuhagi \(amaretto-no-natsu\))),[minaba hideo],((rin yuu)),[[mazjojo]],icomochi,year 2025,"
86,"(observerz),modare,mikaze oto,[kedama milk],[ask \(askzy\)],ciloranko,ponzu\(catponz\),year 2025"
87,"((xssh)),(observerz),[kedama milk],[ask \(askzy\)],(mikaze oto),[ciloranko],[ponzu\(catponz\)],year 2025,1girl,"
88,"((si10ra)),[[gusha s,wanke,yoneyama mai,wlop,silvertsuki,hiro \(dismaless\)]],1girl"
89,"((hitomaru)),[menyoujan,chen bin],[[tsubasa tsubasa]],[[[kedama milk,redrop,aki99]]],1girl"
90,"((mountain han)),[[kahlua]],mochizuki kei,[gin00],year 2025,1girl"
91,"ciloranko,[[[[ame \(uten cancel\)]]]],[[[[muloli \(artist\)]]]],year 2025,1girl,"
92,"oyari ashito,higeneko,goma satoshi,potetos7,azure \(capriccio\),1girl"
93,"(konya karasue),modare Rella,banishment,(stu dts),(miv4t),(suzumi \(ccroquette\)),(rei \(sanbonzakura\)),(torino aqua),1girl"
94,"(Morikura En),Rella,[nanaken nana],u u zan,banishment,stu dts),[miv4t],[[wlop]] ((suzumi \(ccroquette\))),([rei \(sanbonzakura\)]),([torino aqua]),close-up,1girl"
95,"((gusha s,kyokucho)),(kedama milk,amashiro natsuki),year 2025,AS109,1girl,"
96,"((((hiro \(dismaless\),kotobuki utage)))),hitomaru,[[Kyokucho,murata range]],year 2025,1girl,close-up"
97,"[[[[[shpo]]]]],[[[[[[[[[[cutesexyrobutts]]]]]]]]]],1girl"
98,"[[akakura]],[umishima senbon],((kamitoge supino)),[[gsusart]],joman,kitaku \(nakamachi machi\),[shugao],(mandrill),year 2025,1girl"
99,"[[kantoku]],[[parsley-f]],[yd \(orange maru\)],(u u zan),komeshiro kasu,[[maett]],(dsmile),fuya \(tempupupu\),year 2025,1girl"
100,"[[mo \(kireinamo\)]],((maki keigo)),[ningen mame],[maeshima shigeki],(ssambatea),(ebimomo),[[miyoshi yoshimi]],[[azuuru]],year 2025,1girl"
101,"[[shuri \(84k\)]],[[necomi]],((natsuki teru)),kawacy,[risui \(suzu rks\)],[nakano maru],[dede \(qwea 00000\)],[takitarou],year 2025,1girl"
102,"[[shuuko \(s h uuko\)]],((mura karuki)),((shacho \(ko no ha\))),((ocha \(popopogg\))),(cutesexyrobutts),[anmi],(kaorihero),[echj],year 2025,1girl"
103,"[[signalviolet]],(qi7pi),(baocaizi),[[6 \(yuchae\)]],(tobimura),misha \(ohds101\),(op na yarou),(momose \(oqo\)),year 2025,1girl"
104,"[ashima takumi ],[[ciloranko]],[[wlop]],(misekai 555),(cierra \(ra-bit\)), year 2025,1girl"
105,"[kita senri],((terrajin)),[[13 \(spice!!\)]],[[tokiwa midori \(kyokutou funamushi\)]],[[phantom ix row]],[tama \(tama-s\)],tenobe,[[203wolves]],year 2025,1girl"
106,"[matanonki],topia,poprication,((barbarian tk)),(nagishiro mito),[liduke],toosaka asagi,(kazepana),year 2025,1girl"
107,"[nadegata],[k00s],(namie),[k00s],[[terupancake]],shimhaq,[[tsunako]],[rosuuri],year 2025,1girl"
108,"[naruse hirofumi],((houkisei)),[[shikimi \(yurakuru\)]],((nekojira)),[sheya],[quan \(kurisu tina\)],[[nyum]],((rkrk)),year 2025,1girl"
109,"nekojira,pigeon666,ohisashiburi,[agoto,ask\(askzy\)],"
110,"[popqn],[[hisona \(suaritesumi\)]],syhan,ribiadan,[kitaku \(nakamachi machi\)],[[morino hon]],(10mo),(coyucom),year 2025,1girl"
111,"[shouu-kun],qosic,[[gearous]],piripun,((colis)),(ponytail korosuke),[[naruse hirofumi]],((hxxg)),year 2025,1girl"
112,"((deadnooodles)),((atdan)),[hua hua de meme],[re ghotion],[mamuru],hori \(hori no su\),[[kuzuvine]],(sho \(sho lwlw\)),year 2025,1girl"
113,"((ebimomo)),[wata \(attaka towel\)],[[shnva]],[[deadnooodles]],((saitou naoki)),koi \(koisan\),idkuroi,(ran'ou \(tamago no kimi\)),year 2025,1girl"
114,"((haru \(hiyori-kohal\))),[[tachibana roku]],[midori foo],(taesi),[[ayu \(mog\)]],milkychu,(ran'ou \(tamago no kimi\)),[djheycha],year 2025,1girl"
115,"((ikeuchi tanuma)),mamimi(mamamimi),year 2025,1girl"
116,"((inudori)),gya \(144\),((wanke)),[[clear glass \(mildmild1311\)]],ookuma nekosuke,[[gakky]],[[hajika]],[[deyui]],year 2025,1girl"
117,"((kisaragi yuu \(fallen sky\))),(ittokyu),((ucmm)),(asatsuki \(fgfff\)),[[hanekoto]],((demizu posuka)),[[sasairebun]],[sofra],year 2025,1girl"
118,"((mappaninatta)),[waterkuma],((akizero1510)),(kawacy),kujou karasuma,(ru zhai),[tetsurou \(fe+\)],nardack,year 2025,"
119,"((miv4t)),(shnva),ro g \(oowack\),[[sogawa]],[[ainy]],((azuumori)),[yamakawa],((myabit)),1girl"
120,"((miyuki ruria)),[[ayu \(mog\)]],[gomzi],(hisakata souji),[nonco],(onono imoko),(m k),((kawacy)),year 2025,1girl"
121,"((rui \(sugar3\))),[criis-chan],[aochoku],(mamimu \(ko cha 22\)),[[kouji \(campus life\)]],shirokitsune,kemachiku,[hagoonha],year 2025,1girl"
122,"1girl,(echj),[[haru \(nakajou-28\)]],((shion \(mirudakemann\) )),[[shanyao jiang tororo]],[murata range],[[luke \(dydansgur\)]],suisogenshi,((namori)),year 2025,"
123,"(fagi \(kakikaki\),shimatani azu,minaba hideo),[yoshida akihiko],((ciloranko)),[[[pigeon666]]],kawacy,((maeka \(kumaekake\))),nardack,year 2025,1girl"
124,"(fagi \(kakikaki\),shimatani azu,minaba hideo),[yoshida akihiko],[dadijiji\) ],[[[pigeon666]]],kawacy,((maeka \(kumaekake\))),nardack,year 2025,1girl"
125,"(fagi \(kakikaki\),shimatani azu,minaba hideo),[yoshida akihiko],((yamakawa),kawacy,((maeka \(kumaekake\))),nardack,year 2025,1girl"
126,"(fagi \(kakikaki\),shimatani azu,minaba hideo),[yoshida akihiko],[sheya],kawacy,((maeka \(kumaekake\))),nardack,year 2025,1girl"
127,"(henreader),reitou mikan,[yuuka nonoko],appleq,[tsukinami kousuke],(tomozero),((menma \(enaic31\))),[[migolu]],year 2025,1girl"
128,"(hoojiro),[[turisasu]],[[momiji mao]],[fagi \(kakikaki\)],[[aak]],[yukie \(kusaka shi\)],mamyouda,((miu \(miuuu 721\))),year 2025,1girl"
129,"(lamb-oic029),((kedama milk)),[rariatto \(ganguri\)],((mochizuki kei)),[norza],keenh,year 2025,1girl"
130,"(mamimi \(mamamimi\)),huwari \(dnwls3010\),[[m k]],(mozukuzu \(manukedori\)),(asazuki norito),[rune \(dualhart\)],[[hyde \(tabakko\)]],((kamitoge supino)),year 2025,1girl"
131,"(miyase mahiro),[mendou kusai],((mamuru)),[[hxxg]],reoen,((nikorashi-ka)),[[omone hokoma agm]],((ett)),year 2025,1girl"
132,"(niichi \(komorebi-palette\)),(shichigatsu),akadako,[[swordsouls]],(sagami jon),(demizu posuka),(sofra),[[sui \(suizilla\)]],year 2025,1girl"
133,"cogecha,((ciloranko)),[[[Rella]]],[[ask \(askzy\)]],mignon,[popqn], kawacy, minaba hideo,fuya \(tempupupu\),dishwasher1910,year 2025,1girl"
134,"cogecha,((ciloranko)),[[[Rella]]],[[ask \(askzy\)]],mignon, kawacy,[pigeon666],year 2025,1girl"
135,"dev \(dev0614\),[onono imoko],[sasairebun],((waterkuma)),migolu,[murata yuusuke],((yoon cook)),((nanoless)),year 2025,1girl"
136,"kz oji,daizu \(melon-lemon\),(teshima nari),(yukataro),honlo,[zuo daoxing],(icomochi),[[yana mori]],year 2025,1girl"
137,"massakasama,donguri suzume,naga u,shashaki,donguri suzume,ergot,fkey,ohisashiburi,year 2025,1girl"
138,"nekoya \(liu\),(ask \(askzy\)),[6 \(yuchae\)],(nekoume),[[kawacy]],(yajuu),((rune \(dualhart\))),[starshadowmagician],year 2025,1girl"
139,"piromizu,[kaede \(sayappa\)],reoen,sencha \(senchat\),[dishwasher1910],[[ask \(askzy\)]],[[As109]],(damda),1girl"
140,"saiguchi otoufu,[refeia],(whoosaku),[nadegata],(hito komoru),[[anmi]],[[reddizen]],((necomi)),year 2025,1girl"
141,"sigm@,[[katsuobushi \(eba games\)]],(amezawa koma),[uenomigi],(qosic),((kim eb)),(e.o.),(ini \(inunabe00\)),year 2025,1girl"
142,"tunamayo \(dsasd751\),[[cocozasa]],mr.lime,[ido \(teketeke\)],((jyt)),[[toosaka asagi]],((mochizuki shiina)),(kame \(kamepan44231\)),year 2025,1girl"
143,"yunamaro,fuzichoco,nekotoufu,rinotuna,rariatto \(ganguri\),xinzoruo,hekiga \(freelot\),fuya \(tempupupu\),year 2025,1girl,"
144,"kokaki mumose,tianliang duohe fangdongye,risui \(suzu rks\),mochirong,sora 72-iro,year 2025,1girl"
145,"kokaki mumose,tianliang duohe fangdongye,risui \(suzu rks\),mochirong,sora 72-iro,jill 07km,houkisei,year 2025,1girl"
146,"[[tianliang duohe fangdongye]],((mikozin)),(((daizu))),[[[kani-biimu]]],[[matanukinuki]],[kanikama],1girl,"
147,"[qys3],[sincos],Mika,[As109],1girl"
148,"[yoneyama mai],hxxg,1girl"
149,"[modare],(kouyafu),gawako,ciloranko,ogipote,1girl,"
150,"[yumenouchi chiharu],sakura \(39ra\),(naga u,tyakomes),henreader,baku-p,daizu \(melon-lemon\),year 2025,1girl"
151,"(((((healthyman)))))::((((iuui)))),((atte nanakusa)),(((wagashi \(dagashiya\)))),((quasarcake)),(((loliconder))),(((((tianliang duohe fangdongye)))))::((((meinoss)))),((onono imoko)),1girl"
152,"((minaba hideo)),[watao],1girl"
153,"((miyuki \(miyuki0529\))),(((nekonyan))),1girl,"
154,"((miyuki \(miyuki0529\))),(((x))),(band-width),[[e10]],1girl"
155,"((miyuki \(miyuki0529\))),((tooo)),1girl"
156,"((tamanoi peromekuri)),[color scheme:onono imoko],1girl"
157,"1girl,((ciloranko,rella)),mx2j,((((ask \(askzy\))))),kobuichi,(atdan),(((torino aqua))),tinker bell,ningen mame,[[[kedama milk]]],(necomi),anmi,wanke,wasabi \(sekai\),ru zhai,fujiyama,dsmile,narduck,hiten \(hitenkei\),modare],[[fuzichoco]],[[[[mignon,kimishima ao]]]],"
158,"((Ishike)),[Mizumizuni],[[kankan33333]],kedama milk,(muk monsieur),(onono imoko,fkey],1girl"
159,"((suitenan,miraa \(chikurin\))),isshi pyuma,s16xue,kase daiki,meion,1girl"
160,"gomzi,hiten,na tarapisu153,1girl"
161,"(simao \(x x36131422\)),sorairo len,toshizou \(0714\),icomochi,1girl"
162,"(toshizou \(0714\)),[[jyt]],[[misaka 12003-gou]],1girl"
163,"(hitomaru),[sy4,dango \(uni 520\)],[[nagishiro mito]],[[[[Ishikei]]]],1girl"
164,"(hitomaru),[sy4,dango \(uni 520\)],year 2025,1girl,"
165,"1girl,(Kyokucho),((hiro \(dismaless\),yoneyama mai,tianliang duohe fangdongye)),hitomaru,[onono imoko],"
166,"(remsrar),[[cogecha]],[lineart],[[[meyoco]]],year 2025,1girl"
167,"yuzuna99,(yokochou),[alp,bai lao shu],[[kedama milk,tianliang duohe fangdongye]],year 2025,1girl"
168,"nopossumachine,[amonitto],1girl"
169,"[[namie]],aspara,((tabi \(tabisumika\))),[[[[ao+beni]]]],ayul \(ayulneri 92\),(norizc),[yokochou],(((rin31153336))),(((migolu))),sho (sho lwlw),year 2025,"
170,"incase,deyui,fkey,kedama milk,year 2025,"
171,"ask\(askzy\),ciloranko,cui \(jidanhaidaitang\),kuzuvine,miv4t,nixeu,"
172,"[[as109,wlop]],WANKE,[ciloranko],[[hiten]],K-SUWABE,((WANKE)),((mamimi)),\(dnd,fantasy,medieval\),OKAZU,(1girl),solo,cowboy shot,official alternate costume,offcial art"
174,"[kedama milk],[ask \(askzy\)],wanke,[ATDAN],ciloranko,[[rhasta]],[tidsean],[ke-ta],((chiaroscuro)),[as109]],[sho \(sho lwlw\)]],wlop,"
175,"(miv4t),((konya karasue)),rella,[[[quasarcake]]],fajyobore ,[[[[[skyrick9413]]]]],[[ask \(askzy\)]],"
176,"(((happoubi jin))),((gawako,yoneyama mai)),[[sawkm,chen bin,as109,kase daiki,hitomaru]],"
177,"ru zhai,da mao banlangen,omone hokoma agm,"
178,"[ciloranko],kazutake hazano,[kedama milk],[ask \(askzy\)],"
179,"[[ATDAN]],[[zhibuji loom]],[mignon],[[[ask]]],[ciloranko],"
180,"((choco \(chocolate shop\))),fuzichoco,minaba hideo,"
181,"((Fuumi)),((Tama)),((Shirabi)),(((Sayori))),(Ichihi),"
182,"[agm],[as109],"
183,"[agm],[miv4t],"
184,"(shoshika8888888),(icomochi),[da mao banlangen],kurarome,"
185,"[[as109]],[onineko],[[[ke-ta]]],[[alpha \(alpha91\)]],"
186,"[[shanyao jiang tororo]],[[haneru]],[[himitsu \(hi mi tsu 2\)]],[[onineko]],[[as109]],"
187,"[[(onineko),chen bin]],"
188,"asakai mocchinu,monikano,hakaba \(dairiseki\),"
189,"[[rei\(sanbonzakura\),mika pikazo]],shion\(mirudakemann\),[[cogecha]],ryou\(ryoutarou\),year 2025,"
190,"[[cogecha]],ryou\(ryoutarou\),year 2025,"
191,"[[yoneyama mai]],[[cutesexyrobutts]],[[[[ke-ta]]]],year 2025,"
192,"((zuizi)),taitai,chen bin),[tianliang duohe fangdongye],"
193,"(shironekoban),(hidulume),meunhongcha,"
194,"jonylaser,kazuhiro \(tiramisu\),"
195,"((shengtian,nopetroto)),"
196,"[onineko],[ke-ta],[[shanyao jiang tororo]],"
197,"((icomochi)),(namiorii),"
198,"(icomochi),[darklux],"
199,"((blue archive official art )),[[[jyt]]],((rotroto)),"
200,"[jyt],namagome negi,hayana neru,"
201,"hayana neru,shimejinameko,"
202,"lam \(ramdayo\),mika pikazo,freng,"
203,"[Quetzalli],[miv4t],"
204,"cierra \(ra-bit\),artistask \(askzy\),gomzi,you shimizu,demizu posuka,asakuraf,"
205,"[yushe quetzalli],[onineko],[ciloranko],[neco],"
206,"(qys3),hiten,[ciloranko],[[wlop]],"
207,"[neco],[onineko],[hiten],"
208,"[hiten],[mignon],[riri],[weri],[rurudo],"
209,"sciamano240,(pukara),noah \(tettsui-sole\),(binggong asylum),"
210,"((ke-ta),(onono imoko),OlchaS,ask \(askzy\)),"
211,"(hiten \(hitenkei\)),ciloranko,[[liduke]],[[wlop]],toosaka asagi,ke-ta,[[ask \(askzy\)]],torino,(chen bin),year 2025,"
212,"kidmo,((agoto)),"
213,"[melon22],(((kincora))),yoneyama mai,[alchemaniac],((batako,38)),kunaboto,elun \(meido\),year 2025,"
214,"[yoneyama mai],[mika pikazo],[[ciloranko]],[sho \(sho lwlw\)],"
215,"(minaba hideo),ningen mame,[tianliang duohe fangdongye],rokita,[[bee \(deadflow\)]],mignon,"
216,"(rei \(sanbonzakura\),ciloranko,akizero1510),[as109],lam \(ramdayo\),ningen mame,[ask\(askzy\)],puuzaki puuna,[maccha \(mochancc\)],[wlop],[henreader],"
217,"[akizero1510],kakure eria,rei \(sanbonzakura\),mochi \(circle rin\),karasu raven,"
218,"ningen mame,[kedama milk],[sho \(sho lwlw\)],[ask \(askzy\)],wanke,[[tianliang duohe fangdongye]],[wlop],kousaki ruri,year 2025,"
219,"(kousaki ruri),ningen mame,fumio \(rsqkr\),[sho \(sho lwlw\)],[ask \(askzy\)],wanke,[[tianliang duohe fangdongye]],[wlop],year 2025,"
220,"[kedama milk],[ask \(askzy\)],wanke,[wlop],(atdan),kousaki ruri,(haneru),(torino aqua),year 2025,"
221,"[kedama milk],mika pikazo,ciloranko,akizero1510,kukka,ask\(askzy\),wlop,[omone hokoma agm],year 2025,"
222,"[ningen mame],mochizuki kei,kedama milk,namie,huanxiang heitu,liduke,year 2025,"
223,"sheya,ask\(askzy\),hoji\(hooooooooji1029\),year 2025,"
224,"[ningen mame],chen bin,omone hokoma agm,kinhasu,rella,konya karasue,fuzichoco,[[[tianliang duohe fangdongye]]],wlop,"
225,"ru zhai,[ningen mame],chen bin,kinhasu,rella,konya karasue,fuzichoco,[[[tianliang duohe fangdongye]]],"
226,"(kousaki ruri),[kedama milk],[ask \(askzy\)],wanke,[ATDAN],ciloranko,[[rhasta]],[tidsean],[ke-ta],[as109]],[sho \(sho lwlw\)]],wlop,year 2025,"
227,"ru zhai,(kousaki ruri),ningen mame,[[momoko\(momopoco\)]],(creayus),kawacy,[[wlop]],year 2025,"
228,"phantom ix row,akakura,beni shake,ningen mame,[[[tianliang duohe fangdongye]]],chen bin,sy4,"
229,"enkyo yuuichirou,infukun,toosaka asagi,kinhasu,[[fuzichoco]],kedama milk,[[wlop]],"
230,"refeia,toi8,yuuji \(and\),[[As109]],ask\(askzy\),ciloranko,year 2025,"
231,"onineko,[ikeuchi tanuma],ningen mame,[[As109]],ask\(askzy\),ciloranko,year 2025,"
232,"ningen mame,[ciloranko],[[binggong asylum]],asakuraf,[[shexyo]],[wlop],year 2025,"
233,"(kousaki ruri),ningen mame,[enkyo yuuichirou],[phantom ix row],ask\(askzy\),[tianliang duohe fangdongye],year 2025,"
234,"phantom ix row,wanke,akakura,[wlop],ciloranko,year 2025,"
235,"Jonpei,[sho \(sho lwlw\)],"
236,"[ciloranko],(((minaba hideo))),(demizu posuka),(shion\(mirudakemann\)),(yoshida akihiko),(ask \(askzy\)),year 2025,"
237,"kaamin \(mariarose753\),milk panda,"
238,"chen bin,icecake,[qizhu],[onineko],[anmi],kedama milk,(wlop),tianliang duohe fangdongye,ke-ta,rei \(sanbonzakura\),"
239,"((quasarcake)),(((ciloranko))),year 2025,"
240,"(((wlop))),(quasarcake),(ningen mame),(osakana \(osakanagazoubot\)),year 2025,"
241,"(((wang xi))),reeh \(yukuri130\),(( wanke)),(( kinta \(distortion\))),((rei \(sanbonzakura\))),[ask \(askzy\)],[[modare]],year 2025,"
242,"Kidmo,reoen,"
243,"zhibuji loom,((rei \(sanbonzakura\))),(( kinta \(distortion\))),(((wang xi))),"
244,"[kedama milk],[ask \(askzy\)],wanke,wlop,[ATDAN],ciloranko,[[rhasta]],[tidsean],[ke-ta],((chiaroscuro)),[as109]],[sho \(sho lwlw\)],"
245,"[ningen mame],[[ciloranko]],[[binggong asylum]],[[omone hokoma agm]],[[[misaki12003]]],[sho \(sho lwlw\)],[[ask \(askzy\)]],[[tianliang duohe fangdongye]],[[rhasta]],"
246,"hougu souji,yonchan,kitada mo,[ask\(askzy\)],[sy4],"
247,"kitada mo,umezawa itte,wenquangua,ask\(askzy\),dokuro deluxe,"
248,"anmi,shanyao jiang tororo,csyday,[ask\(askzy\)],[[rei \(sanbonzakura\)]],year 2025,"
249,"mimoza \(96mimo414\),rei \(sanbonzakura\),mochi \(circle rin\),[rhasta,yonchan,watao],[minaba hideo],"
250,"bacius,fishine,nonco,zhibuji loom,ask\(askzy\),ireading,karasu raven,"
251,"shirable shiki,bacius,sy4,fishine,pigeon666,nonco,zhibuji loom,ask\(askzy\),ireading,karasu raven,"
252,"maiqo,ask\(askzy\),beijuu,simao \(x x36131422\),yoneyama mai,jacknife,"
253,"bukurote,you guo chaocai,yumenouchi chiharu,"
254,"douya \(233\),akizero1510,[lam \(ramdayo\)],fishine,[ask\(askzy\)],puuzaki puuna,karasu raven,[maccha \(mochancc\)],[henreader],"
255,"fenrir \(fenriluuu\),ask\(askzy\),[beijuu],tianliang duohe fangdongye,simao \(x x36131422\),[yoneyama mai],kedama milk,"
256,"minaba hideo,rei \(sanbonzakura\),mika pikazo,[alchemaniac],[[yoneyama mai]],"
257,"timbougami,gorgeous mushroom,kawacy,songjikyo,"
258,"akizero1510,ireading,[alchemaniac],[[[wlop]]],[yaegashi nan],aka kan,"
259,"dm \(dai miao\),songjikyo,[[shisantian]],yamakawa,[kedama milk],ttosom,"
260,"rororogi mogera,[KuroBlood,bukurote],timbougami,[[tianliang duohe fangdongye]],[ideolo],"
261,"nababa,[KuroBlood,sencha \(senchat\)],timbougami,[[maccha \(mochancc\)]],[alchemaniac],"
262,"((butterchalk,pumpkinspicelatte,modare,bee \(deadflow\))),"
263,"ruton-niki,[yoneyama mai],hxxg,"
264,"((deyui,mikozin)),[jyt],40hara,[[gusha s]],((chen bin)),year 2025,"
265,"kaede \(sayappa\),[[wlop]],[[[kase daiki]]],jima,[sheya],[[ciloranko]],[[[toosaka asagi]]],[[[tianliang duohe fangdongye]]],henreader,year 2025,"
266,"akino ell,[memekko],[paraffin],mankai kaika,(miwabe sakura),[miyase mahiro],[[ebihara beniko]],year 2025,"
267,"[tidsean],gomzi ,fajyobore,[wlop,reoen],[[tianliang duohe fangdongye]],[[rhasta]],year 2025,"
268,"[ningen mame],ciloranko,[sho \(sho lwlw\)],[[as109]],wlop,"
269,"[[wlop]],WANKE,[ciloranko],"
270,"(amazuyu tatsuki,shiro9jira),ciloranko,ask \(askzy\),novelace,(wlop,reoen),(alphonse \(white datura\)),miv4t,[[tianliang duohe fangdongye]],year 2025,"
271,"[kedama milk],mika pikazo,(wlop,reoen),happoubi jin,[[As109]],year 2025,"
272,"[kedama milk],(wlop,reoen),[[As109]],"
273,"[kedama milk],mika pikazo,(wlop,reoen),"
274,"[kedama milk],mika pikazo,(wlop,reoen),happobi jin,[[As109]],year 2025,"
275,"wlop,aki99,[[((mochizuki kei)),[[[as109]]],((asakuraf)),shion\(mirudakemann\)]],"
276,"hyperrealistic,ask \(askzy\),[[[wlop]]],"
277,"((((hyperrealistic)))),asciamano240,[[[wlop]]],"
278,"(((gomzi))),[[[[wlop]]]],1girl,"
279,"wlop,[[dino \(dinoartforame\)]],[[[as109]]],ciloranko,1girl"
280,"agm,houkisei,wlop,"
281,"[ZED],[wlop],[AGM],[onineko],"
282,"((carbon12th)),(ayagi daifuku),(alphonse \(white datura\)),wlop,"
283,"(ribiadan),[ciloranko],mikaze oto,[wlop],"
284,"[wlop],ciloranko,[[usashiro mani]],[[[[as109]]]],"
285,"[[((mochizuki kei)),[[[as109,wlop]]],((asakuraf)),shion\(mirudakemann\)]],"
286,"[kedama milk],[mika pikazo],[wlop],ke-ta,[As109],phtharticpaul,year 2025,"
287,"(wlop,reoen),[kedama milk],momoco,ke-ta,40hara,[As109],Torino,ask\(askzy\),ciloranko,[sho \(sho lwlw\)],wlop,[Rella],[omone hokoma agm],"
288,"[kedama milk],[wlop],ke-ta,[ciloranko],[As109],year 2025,"
289,"ask\(askzy\),[[wlop],ciloranko],As109,"
290,"[40hara,kedama milk],mika pikazo,(wlop,reoen),happoubi jin,"
291,"[ningenmame],ciloranko,[[[wlop]]],[[rhasta]],[As109]"
292,"[wlop],[[as109]],Ito Junji,"
293,"[[as109,wlop]],WANKE,ke-ta,akakura,Mika,[ciloranko],[[hiten]],"
294,"(atsuage \(kakinop\)),mika pikazo,(wlop,reoen,tianliang duohe fangdongye),[ask \(askzy\)],[kantoku],year 2025,"
295,"mikaze oto,[kedama milk],[ask \(askzy\)],wanke,wlop,"
296,"(96),[tsujii ruki,sukja,takejun,kawacy,piromizu,rinotuna,zantyarz],wlop,"
297,"chen bin,wlop,[kedama milk],momoco,ke-ta,40hara,[As109],Torino,ask\(askzy\),ciloranko,[sho \(sho lwlw\)],[Rella],[omone hokoma agm],"
298,"(( yoneyama mai)),( ciloranko),[dino \(dinoartforame\)],(saitou natsuki),ayul \(ayulneri 92\),[wlop],fujiyama,year 2025,"
299,"wan ke,[ciloranko],[hiten],[[modare]],[[wlop]],"
300,"[[wlop]],WANKE,[ciloranko],[hiten],"
301,"[mika pikazo],[ciloranko],kazutake hazano,[kedama milk],[ask \(askzy\)],wanke,wlop,fujiyama,year 2025,"
302,"[ciloranko],kazutake hazano,kedama milk,[ask \(askzy\)],wanke,wlop,fujiyama,artisit:yuyu \(yuyuworks\),hiten \(hitenkei\),atrisit:dishwasher1910,"
303,"kazutake hazano,[ciloranko],[kedama milk],[ask \(askzy\)],wanke,wlop,fujiyama,year 2025,"
304,"[kedama milk],mika pikazo,(wlop,reoen,tianliang duohe fangdongye),[ask \(askzy\)],[[As109]],year 2025,"
305,"[kedama milk],mika pikazo,(wlop,reoen,tianliang duohe fangdongye),[ask \(askzy\)],[[kantoku]],year 2025,"
306,"Cogecha,[ningen mame],(wlop),[sho \(sho lwlw\)],"
307,"[ashima takumi],[[ciloranko]],[[wlop]],[[porforever]],(cierra \(ra-bit\)),year 2025,1girl"
308,"((mafuyu)),(((mochi))),[[[wlop]]],1girl"
309,"((mogumo,u u zan,ciloranko,miv4t,wlop)),[[fuzichoco]],((rella)),1girl"
310,"kase daiki,(shuz),[wlop],1girl"
312,"[ningen mame],ciloranko,[sho \(sho lwlw\)],[[tianliang duohe fangdongye]],[[rhasta]]"
313,"[ningen mame],ciloranko,[sho \(sho lwlw\)],[[tianliang duohe fangdongye]],[rhasta],year 2025,"
314,"[ningenmame],ciloranko,[sho\(sho lwlw\)],"
315,"ciloranko,[sho \(sho lwlw\)],[[tianliang duohe fangdongye]],[[rhasta]],"
316,"[ningen mame],ciloranko,[sho \(sho lwlw\)],[saintshiro],[[rhasta]],"
317,"[[ciloranko]],[rhasta],tidsean,[ke-ta],((chiaroscuro)),[sho \(sho lwlw\)]],(ningen mame),"
318,"((toosaka asagi)),[[ningen mame],ciloranko,[sho \(sho lwlw\)],[[tianliang duohe fangdongye]],[rhasta]],"
319,"[ningen mame],ciloranko,[sho \(sho lwlw\)],[[tianliang duohe fangdongye]],[eip \(pepai\)],[rukako],[[[memmo]]],[[[[[hoshi \(snacherubi\)]]]]] ,[[[[[nibiiro shizuka]]]]],year 2025,"
320,"ningen mame,ciloranko,[fuzichoco],[sho \(sho lwlw\)],[tianliang duohe fangdongye],as109,"
321,"[[ningen mame]],ciloranko,noyu \(noyu23386566\),"
322,"ratatatat74,((ciloranko)),[[[Rella]]],[[ask\(askzy\)]],[[harogen pabirion]],"
323,"[[hiten]],[chen bin],[ningen mame],[sho \(sho lwlw\)],[[[tianliang duohe fangdongye]]],"
324,"ningen mame,mika pikazo,(reoen,tianliang duohe fangdongye),[ask \(askzy\)],[kantoku],"
325,"miyuki \(miyuki0529\),potg,rei \(sanbonzakura\),cierra \(ra-bit\),ask \(askzy\),gomzi,you shimizu,[ningen mame],ciloranko,year 2025,"
326,"((kuzuvine)),[[[ciloranko]]],[[dino \(dinoartforame\)]],year 2025,"
327,"[ningen mame,ciloranko,sho \(sho lwlw\),tianliang duohe fangdongye,alphonse \(white datura\),rei \(sanbonzakura\)],"
328,"[[ningen mame]],ciloranko,noyu \(noyu23386566\),morikura en,"
329,"[ningen mame],[ATDAN],ciloranko,[[rhasta]],tidsean,[,[ke-ta],ciloranko,((chiaroscuro)),[sho \(sho lwlw\)]],"
330,"[ningen mame],ciloranko,tianliang duohe fangdongye,atdan,"
331,"[ATDAN],ciloranko,[tidsean],[ke-ta],((chiaroscuro)),[as109]],[sho \(sho lwlw\)]],"
332,"[ningenmame],ciloranko,[sho\(sho lwlw\)],[[tianliang duohe fangdongye]],[[rhasta]],[As109],"
333,"ciloranko,tianliang duohe fangdongye,[[modare]],[sho \(sho lwlw\)],"
334,"modare,ningen mame,[kedama milk],[mika pikazo],(shiroshi \(denpa eshidan\),wlop,tianliang duohe fangdongye),[ask \(askzy\)],[kantoku],year 2025,"
335,"[sho \(sho lwlw\)],ciloranko,((pottsness)),[[onineko]],[[as109]],1girl"
336,"(akakura),(kawacy),(ask\(askzy\)),(onineko),(ciloranko),1girl"
337,"ciloranko,alphonse \(white datura\),ask \(askzy\),gomzi,you shimizu,year 2025,1girl"
338,"kedama milk,rucaco,kanda done,[[chen bin]],[[[[mignon]]]],[ningen mame],[[[[anmi]]]],1girl"
339,"(((shacho \(ko no ha\) ))),[[tianliang duohe fangdouye]],1girl"
340,"[[tianliang duohe fangdongye]],[ningen mame],[[[mignon]]],a chiki,"
341,"rokita,[[xinzoruo,eta,naga u]],ciloranko,ningen mame,[[as109]],"
342,"((ciloranko,akizero1510)),[ask\(askzy\)],kedama milk,parsley-f,[maccha \(mochancc\)],[tianliang duohe fangdongye],[bee \(deadflow\)],(chen bin),[wlop],((henreader)),"
343,"(rella),(ask\(askzy\)),(ningen mame),(ciloranko),(rei\(sanbonzakura\)),"
344,"(((ask\(askzy\),sy4,ciloranko,akizero1510))),"
345,"((chen bin),haneru),observerz,[wlop,nekojira],ciloranko,[sho \(sho lwlw\)],[[noyu \(noyu23386566\)],year 2025,"
346,"[ningen mame],ciloranko,wlop,"
347,"[wlop],ciloranko,year 2025,"
348,"(amazuyu tatsuki,shiro9jira),ciloranko,ask (askzy),(wlop),[[tianliang duohe fangdongye]],year 2025,"
349,"(akakura),kedama milk,ciloranko,[wlop],[[[onono imoko]]],"
350,"ningen mame,rhasta,ask \(askzy\),[wlop],ciloranko,"
351,"[wlop],ciloranko,ask\(askzy\),bison cangshu,(yunsang),[ningenmame],[sho\(sho lwlw\)],[rhasta],year 2025,"
352,"shiratama \(shiratamaco\),[ningen mame],[[tianliang duohe fangdongye]],[shuz],[wlop],kase daiki,"
353,"(((observerz))) ,wanke,mikaze oto,ciloranko,[sho \(sho lwlw\)],wlop,year 2025,"
354,"(atsuage \(kakinop\)) mika pikazo,(wlop,reoen,tianliang duohe fangdongye),[ask \(askzy\)],[kantoku],year 2025,1girl"
355,"[[[wlop]]],[mochizuki kei],ciloranko,shanyao jiang tororo,1girl"
356,"[[[ningen mame]]],miyase mahiro,chen bin,[[[sho \(sho lwlw\)]]],[[[[ogipote]]]],[[[ciloranko]]],[cogecha],[wlop],year 2025,1girl"
357,"hxxg,(pigeon666),[ciloranko,wlop],[ask \(askzy\)],(redi \(rasec asdjh\)),wanke,1girl"
358,"kaede \(sayappa\),[[wlop]],[[[kase daiki]]],jima,[sheya],[[ciloranko]],[[[toosaka asagi]]],[[[tianliang duohe fangdongye]]],henreader,1girl"
359,"kedama milk,((( akarura))),[wlop],[ask \(askzy\)],wanke ,ciloranko,"
360,"(kousaki ruri),[wlop],ciloranko,year 2025,"
361,"shuri \(84k\),ATDAN,chen bin,[ningen mame],[[wlop]],(sarcophage,tsubasa tsubasa,),modare,hiten \(hitenkei\)"
362,"[[wlop]],[ningen mame],[bilibili xiaolu],ciloranko,[[tianliang duohe fangdongye]],[hiten (hitenkei)],[[[bm tol]]],year 2025,"
363,"wlop,40hara,[As109],Torino,ask\(askzy\),ciloranko,[sho \(sho lwlw\)],"
364,"[[kedama milk],ishiyumi,[tianliang duohe fangdongye],poco\(asahi age\),mochizuki kei],"
365,"((ogipote,bm tol)),[[yoneyama mai,ciloranko,blue-senpai,aikome \(haikome\)]],"
366,"[[ttosom]],[shisantian],zuizi,[dino \(dinoartforame\),[fajyobore]],kaneko \(bblogtinhan\),xiujia yihuizi,"
367,"[eip \(pepai\)],[rukako],[[[memmo]]],[[[[[hoshi \(snacherubi\)]]]]],[[[[[nibiiro shizuka]]]]],year 2025,"
368,"[rei \(sanbonzakura\)],sho \(sho lwlw\)],"
369,"tianliang duohe fangdongye,[[[tyakomes,shinapuu]]],"
370,"(rurudo,cogecha,ask \(askzy\)),year 2025,"
371,"(rosumerii),[ciloranko],[[ask \(askzy\)]],"
372,"(shigure ui),[mika pikazo,fuzichoco,tianliang duohe fangdongye,modare,ningen mame],year 2025,"
373,"((kishiyo)),[[ciloranko]],"
374,"hiten,ao+beni,[marumoru],ciloranko,"
375,"(sakura \(39ra\)),[[tyakomes],henreader,baku-p,daizu \(melon-lemon\),naga u,year 2025],"
376,"[[piyodera mucha]],henreader,eufoniuz,year 2025,"
377,"kazutake hazano,ningen mame,[kedama milk],[[wlop]],[[As109]],[[mika pikazo]],"
378,"(tokkyu,beni shake),[ciloranko,gweda,mignon,binggong asylum,happoubi jin],"
379,"kukka,ryou\(ryoutarou\),((kyockcho,alphonse\(white datura\),miyase mahiro,milk panda)),ask\(askzy\),"
380,"mamimi\(mamamimi\),blade \(galaxist\),((fuzichoco,butterchalk,yoshinari you,mika pikazo)),"
381,"((yago8 pp3,rella)),ciloranko,sheya,ishiyumi,fkey,tokkyu,infukun,"
382,"(alphonse\(white datura\),ningen mame,xinzoruo,anmi,demizu posuka),[ikeuchi tanuma],"
383,"(amazuyu tatsuki,hoji\(hooooooooji1029\),ishiyumi),"
384,"(tidsean,kantoku,poco\(asahi age\),yago8 pp3,ningen mame),"
385,"(musashi\(detks\),tomose shunsaku,momoko\(momopoco\),ishiyumi),"
386,"(hoji\(hooooooooji1029\),kedama milk,akizero1510,kinhasu,hisona \(suaritesumi\)),"
387,"(yuuji \(and\),namie,shion\(mirudakemann\),nanase nao,as109,yuuhagi \(amaretto-no-natsu\)),"
388,"(ishikei,ryou\(ryoutarou\),yuuhagi \(amaretto-no-natsu\),refeia,cierra\(ra-bit\)),"
389,"(miyase mahiro,creayus,binggong asylum,demizu posuka,namie,cui \(jidanhaidaitang\)),"
390,"(mandrill,miv4t,rebecca \(keinelove\),missile228,akakura),"
391,"((((nababa)))),(onono imoko),mika pikazo,fkey,(((torino))),(((((suzumi \(ccroquette\))))))),wlop,((((ask \(askzy\))))),[[as109]],((((rei \(sanbonzakura\))))),(mignon),(((jonpei))),[(reoen)),modare,((chiaroscuro)),year 2025"
392,"(kaamin \(mariarose753\),sy4,meito \(maze\),cierra\(ra-bit\),shexyo),"
393,"([[sho \(sho lwlw\),as109]],nanase nao,hisona \(suaritesumi\),qtonagi,katahira masashi,((chen bin))),"
394,"(nixeu,momoko\(momopoco\),yoshinari you,itomugi-kun,fujima takuya),"
395,"(kaamin \(mariarose753\),sy4,meito \(maze\),cierra\(ra-bit\),shexyo,toi8),"
396,"null \(nyanpyoun\),yuuji \(and\),meion,kani biimu,mamimi\(mamamimi\),hiten \(hitenkei\),"
397,"((cui \(jidanhaidaitang\),katahira masashi,tidsean,mika pikazo)),"
398,"tokkyu,fujima takuya,ningen mame,hews,ikeuchi tanuma,"
399,"momoko\(momopoco\),modare,yoneyama mai,nixeu,ask\(askzy\),"
400,"((onineko,amazuyu tatsuki,rebecca \(keinelove\),namie,kaigen 1025)),"
401,"ebifurya,fumio \(rsqkr\),kani biimu,sy4,"
402,"nanashi \(nlo\),ask\(askzy\),yuuji \(and\),phantom ix row,lm7\(op-center\),mamimi \(mamamimi\),"
403,"miv4t,you shimizu,infukun,toi8,ningen mame,sheya,wlop,"
404,"milkychu,hoji\(hooooooooji1029\),yoshinari you,mika pikazo,wlop,"
405,"kaamin \(mariarose753\),milk panda,ask\(askzy\),ikeuchi tanuma,kukka,"
406,"piromizu,kuromiya,sho \(sho lwlw\),infukun,"
407,"fkey,cutesexyrobutts,milk panda,mamimi\(mamamimi\),namie,milkychu,tokkyu,"
408,"beni shake,kukka,alphonse\(white datura\),infukun,mika pikazo,"
409,"hyouuma,wanke,nikorashi-ka,sofra,you shimizu,"
410,"kukka,avogado6,hews,kawacy,sheya,xinzoruo,hyouuma,"
411,"reoen,yago8 pp3,amazuyu tatsuki,phantom ix row,mika pikazo,"
412,"as109,qtonagi,potg\(piotegu\),tony taka,null \(nyanpyoun\),itomugi-kun,"
413,"((shion\(mirudakemann\))),[[misaka 12003-gou,cogecha,anmi,huanxiang heitu,fkey]],"
414,"fuzichoco,amazuyu tatsuki,misaka 12003-gou,kaamin \(mariarose753\),as109,fkey,"
415,"[[nanmokaken,butterchalk]],((yoneyama mai,miyo \(ranthath\),yoshinari you,potg\(piotegu\))),"
416,"huanxiang heitu,tiv,sofra,nanashi \(nlo\),hisona \(suaritesumi\),"
417,"tabi \(tabisumika\),[[[[ao+beni]]]],ayul \(ayulneri 92\),[yokochou],(rin31153336),(migolu),"
418,"kousaki rui,[[daifuku mame \(kageroudt33\)]],chyoel,[[lpip]],koe \(mixpi\),[atdan],kaninn,year 2025,"
419,"Yuzusoft,Senren Banka,"
420,"render,c4d,photo-referenced,((((nendoroid)))),Handmade,3d,"
421,"minimalism,((no lineart)),(((faceless))),simple background,blending,flat color,limited palette,"
422,"(pixel art,Aaron Hain),"
423,"(((pixel art))),((neon palette)),"
424,"((((pixel art)))),[ashima takumi],[[ciloranko]],[[wlop]],cierra \(ra-bit\),[noyu \(noyu23386566\)],"
425,"((ff gradient)),((limited palette)),high contrast,inverted colors,colorful,(Stunning composition),"
426,"portrait,lineart,monochrome,black and white,"
427,"greyscale,monochrome,silent comic,linear hatching,"
428,"(((pixel art))),carpet,chair,indoors,((((isometric)))),light rays,plant,white background,"
429,"((((((lineart)))))),nocolor,"
430,"graphite \(medium\),((monochrome),),paper,art tools in frame,pencil,traditional media,"
431,"((Multiple view)),wlop,[mochizuki kei],"
432,"((quan \(kurisu tina\))),(portrait),upper body,close-up,year 2025,"
433,"[[kamisato ayaka \(genshin\) cosplay]],no humans,[kedama milk],(wlop,reoen),[[As109]],((white cat)),hair ornament,furry,shy,nude,[[chibi]]"
